{"cameraMode":{"drawMode":0,"name":"Shaded","section":"Shading Mode"},"sceneLighting":true,"audioPlay":false,"sceneViewState":{"showFog":true,"showMaterialUpdate":false,"showSkybox":true,"showFlares":true,"showImageEffects":true,"showParticleSystems":true},"in2DMode":false,"pivot":{"x":10.701916694641114,"y":1.9768799543380738,"z":-3.7429051399230959},"rotation":{"x":-0.008689680136740208,"y":-0.004504607990384102,"z":-0.000039019818359520286,"w":0.9999521374702454},"size":10.0,"orthographic":false}